scenario,condition,run_number,total,full,partial,failure,partial_availability,partial_availability_pct,error_rate_percent,p95_ms,p99_ms,iqr_ms,mean_ms,median_ms,slo_violation_score,violation_details,tfs_seconds,ttr_seconds,throughput_rps,total_requests,pair_id
A1,static_resilience,1,133,133,0,0,1.0,100.0,0.0,25093.2,25247.0,3889.0,21130.17,22288.0,0.0,none,20.99,N/A,0.1999,133,A1-1
A1,static_resilience,10,132,132,0,0,1.0,100.0,0.0,25276.9,25286.38,3985.75,21274.85,22678.0,0.0,none,18.91,N/A,0.1985,132,A1-10
A1,static_resilience,2,133,133,0,0,1.0,100.0,0.0,25029.8,25094.12,3723.0,20969.74,21979.0,0.0,none,20.87,N/A,0.2008,133,A1-2
A1,static_resilience,3,133,133,0,0,1.0,100.0,0.0,25027.4,25094.12,3685.0,21010.2,22276.0,0.0,none,20.28,N/A,0.2002,133,A1-3
A1,static_resilience,4,133,133,0,0,1.0,100.0,0.0,25090.0,34542.24,3996.0,20907.51,23352.0,0.0,none,21.26,N/A,0.2001,133,A1-4
A1,static_resilience,5,132,132,0,0,1.0,100.0,0.0,25277.35,25349.72,3909.25,21299.44,22161.5,0.0,none,18.79,N/A,0.1989,132,A1-5
A1,static_resilience,6,132,132,0,0,1.0,100.0,0.0,25098.3,25195.76,3694.5,21281.31,22936.5,0.0,none,22.17,N/A,0.1994,132,A1-6
A1,static_resilience,7,132,132,0,0,1.0,100.0,0.0,25283.6,25377.14,3918.75,21326.67,22384.5,0.0,none,18.99,N/A,0.1987,132,A1-7
A1,static_resilience,8,132,132,0,0,1.0,100.0,0.0,25289.7,25483.9,3799.0,21379.45,22000.5,0.0,none,19.09,N/A,0.1989,132,A1-8
A1,static_resilience,9,132,132,0,0,1.0,100.0,0.0,25380.45,25596.52,4413.75,21141.48,21646.0,0.0,none,18.45,N/A,0.1983,132,A1-9
A1,treatment,1,133,133,0,0,1.0,100.0,0.0,25033.4,25088.68,3701.0,20906.21,22272.0,0.0,none,20.38,N/A,0.2002,133,A1-1
A1,treatment,10,131,131,0,0,1.0,100.0,0.0,25379.0,35060.3,5202.5,21139.02,21780.0,0.0,none,18.61,N/A,0.1984,131,A1-10
A1,treatment,2,133,133,0,0,1.0,100.0,0.0,25189.2,25352.84,3898.0,21282.6,22995.0,0.0,none,21.78,N/A,0.1995,133,A1-2
A1,treatment,3,132,132,0,0,1.0,100.0,0.0,25093.25,25191.76,3884.5,21216.49,22637.0,0.0,none,21.21,N/A,0.1999,132,A1-3
A1,treatment,4,132,132,0,0,1.0,100.0,0.0,25106.45,25256.3,3874.75,21251.51,22550.5,0.0,none,22.1,N/A,0.1996,132,A1-4
A1,treatment,5,133,133,0,0,1.0,100.0,0.0,25295.6,25392.0,3873.0,21370.08,22115.0,0.0,none,18.4,N/A,0.1988,133,A1-5
A1,treatment,6,132,132,0,0,1.0,100.0,0.0,25281.45,31745.04,4371.75,21215.92,21893.0,0.0,none,19.4,N/A,0.1986,132,A1-6
A1,treatment,7,132,132,0,0,1.0,100.0,0.0,25337.5,25582.14,3830.75,21356.14,22953.0,0.0,none,18.6,N/A,0.1994,132,A1-7
A1,treatment,8,133,133,0,0,1.0,100.0,0.0,24977.6,24996.44,3694.0,20992.5,22215.0,0.0,none,19.87,N/A,0.2004,133,A1-8
A1,treatment,9,132,132,0,0,1.0,100.0,0.0,25180.7,31850.62,3722.0,21156.05,22456.0,0.0,none,20.53,N/A,0.1989,132,A1-9
A2,static_resilience,1,131,104,0,27,0.7939,79.39,20.61,54683.0,60000.0,15945.0,21372.06,25179.0,0.4114,p95_latency>30000ms(actual=54683.0ms),27.95,N/A,0.1966,131,A2-1
A2,static_resilience,10,135,109,0,26,0.8074,80.74,19.26,47372.8,60000.66,15832.5,20602.38,24796.0,0.2895,p95_latency>30000ms(actual=47372.8ms),26.45,N/A,0.2037,135,A2-10
A2,static_resilience,2,122,122,0,0,1.0,100.0,0.0,27576.8,34022.32,1517.25,23303.59,25380.0,0.0,none,26.25,N/A,0.1832,122,A2-2
A2,static_resilience,3,139,107,0,32,0.7698,76.98,23.02,48849.4,60000.62,16155.0,20028.19,25097.0,0.3142,p95_latency>30000ms(actual=48849.4ms),28.95,N/A,0.2104,139,A2-3
A2,static_resilience,4,129,108,0,21,0.8372,83.72,16.28,50772.0,60000.0,10987.0,21726.57,25181.0,0.3462,p95_latency>30000ms(actual=50772.0ms),25.54,N/A,0.1951,129,A2-4
A2,static_resilience,5,120,120,0,0,1.0,100.0,0.0,31508.5,40382.38,6190.5,23468.04,25388.0,0.0251,p95_latency>30000ms(actual=31508.5ms),40.95,N/A,0.1798,120,A2-5
A2,static_resilience,6,130,108,0,22,0.8308,83.08,16.92,49320.2,60000.0,10870.25,21544.05,24895.5,0.322,p95_latency>30000ms(actual=49320.2ms),28.83,N/A,0.1967,130,A2-6
A2,static_resilience,7,151,106,0,45,0.702,70.2,29.8,53023.0,60001.0,24671.0,18171.6,24765.0,0.3837,p95_latency>30000ms(actual=53023.0ms),26.06,N/A,0.2283,151,A2-7
A2,static_resilience,8,176,102,0,74,0.5795,57.95,42.05,46888.25,60000.25,24649.75,15533.55,14880.5,0.2815,p95_latency>30000ms(actual=46888.25ms),166.74,N/A,0.2662,176,A2-8
A2,static_resilience,9,121,121,0,0,1.0,100.0,0.0,37602.0,44080.0,7117.0,23170.97,25089.0,0.1267,p95_latency>30000ms(actual=37602.0ms),34.46,N/A,0.1825,121,A2-9
A2,treatment,1,137,108,25,4,0.9708,97.08,2.92,50843.2,60000.0,15908.0,20340.89,24879.0,0.2316,p95_latency>30000ms(actual=50843.2ms),29.34,N/A,0.2068,137,A2-1
A2,treatment,10,176,105,64,7,0.9602,96.02,3.98,34965.5,60000.0,24584.5,15732.56,19626.0,0.0552,p95_latency>30000ms(actual=34965.5ms),28.84,N/A,0.2643,176,A2-10
A2,treatment,2,125,112,10,3,0.976,97.6,2.4,45329.2,60000.0,10299.0,22323.75,24979.0,0.1703,p95_latency>30000ms(actual=45329.2ms),48.07,N/A,0.1885,125,A2-2
A2,treatment,3,117,117,0,0,1.0,100.0,0.0,41339.8,57387.24,6609.0,24111.24,24999.0,0.126,p95_latency>30000ms(actual=41339.8ms),23.94,N/A,0.1758,117,A2-3
A2,treatment,4,133,111,19,3,0.9774,97.74,2.26,38794.2,60000.0,10897.0,20919.47,25066.0,0.0977,p95_latency>30000ms(actual=38794.2ms),24.97,N/A,0.2005,133,A2-4
A2,treatment,5,142,105,31,6,0.9577,95.77,4.23,55246.05,60000.0,19776.25,19668.23,25094.5,0.2805,p95_latency>30000ms(actual=55246.05ms),82.83,N/A,0.2138,142,A2-5
A2,treatment,6,194,103,87,4,0.9794,97.94,2.06,30842.65,60000.07,24882.75,13926.66,9476.0,0.0094,p95_latency>30000ms(actual=30842.65ms),26.54,N/A,0.2925,194,A2-6
A2,treatment,7,159,102,52,5,0.9686,96.86,3.14,44938.9,60000.42,24779.5,17281.21,19988.0,0.166,p95_latency>30000ms(actual=44938.9ms),35.04,N/A,0.2405,159,A2-7
A2,treatment,8,170,104,60,6,0.9647,96.47,3.53,38813.5,60000.0,24692.25,16133.27,19597.0,0.0979,p95_latency>30000ms(actual=38813.5ms),24.95,N/A,0.2566,170,A2-8
A2,treatment,9,118,117,0,1,0.9915,99.15,0.85,35726.05,50738.4,6272.75,23599.28,25192.5,0.0636,p95_latency>30000ms(actual=35726.05ms),25.73,N/A,0.1786,118,A2-9
A3,static_resilience,1,118,118,0,0,1.0,100.0,0.0,44976.55,47103.85,4287.25,23858.8,24941.5,0.2496,p95_latency>30000ms(actual=44976.55ms),48.56,N/A,0.1777,118,A3-1
A3,static_resilience,10,117,115,0,2,0.9829,98.29,1.71,42603.8,59766.24,1035.0,24156.11,24987.0,0.2101,p95_latency>30000ms(actual=42603.8ms),27.95,N/A,0.1766,117,A3-10
A3,static_resilience,2,143,108,0,35,0.7552,75.52,24.48,50763.3,60000.58,17691.0,19498.48,24690.0,0.3461,p95_latency>30000ms(actual=50763.3ms),24.74,N/A,0.2166,143,A3-2
A3,static_resilience,3,125,125,0,0,1.0,100.0,0.0,29998.4,37598.24,5308.0,22285.29,24719.0,0.0,none,33.66,N/A,0.188,125,A3-3
A3,static_resilience,4,184,103,0,81,0.5598,55.98,44.02,36502.45,60000.17,24176.75,14916.9,14587.0,0.1084,p95_latency>30000ms(actual=36502.45ms),26.16,N/A,0.2781,184,A3-4
A3,static_resilience,5,115,113,0,2,0.9826,98.26,1.74,44671.1,59073.62,5293.0,24352.07,24909.0,0.2445,p95_latency>30000ms(actual=44671.1ms),52.95,N/A,0.1737,115,A3-5
A3,static_resilience,6,167,100,0,67,0.5988,59.88,40.12,52534.9,60001.0,24327.5,16431.73,19690.0,0.3756,p95_latency>30000ms(actual=52534.9ms),27.57,N/A,0.2522,167,A3-6
A3,static_resilience,7,125,125,0,0,1.0,100.0,0.0,25392.4,37165.32,1089.0,22288.41,24603.0,0.0,none,36.16,N/A,0.1891,125,A3-7
A3,static_resilience,8,117,117,0,0,1.0,100.0,0.0,43952.6,47593.44,1485.0,24046.87,24896.0,0.2325,p95_latency>30000ms(actual=43952.6ms),45.77,N/A,0.1772,117,A3-8
A3,static_resilience,9,121,121,0,0,1.0,100.0,0.0,32687.0,47734.4,5095.0,22955.81,24704.0,0.0448,p95_latency>30000ms(actual=32687.0ms),33.54,N/A,0.1823,121,A3-9
A3,treatment,1,156,103,46,7,0.9551,95.51,4.49,49276.5,60000.0,24572.0,17746.7,24681.0,0.2142,p95_latency>30000ms(actual=49276.5ms),24.08,N/A,0.236,156,A3-1
A3,treatment,10,116,114,0,2,0.9828,98.28,1.72,45260.25,59810.4,5541.5,23963.47,24991.0,0.1696,p95_latency>30000ms(actual=45260.25ms),26.96,N/A,0.1753,116,A3-10
A3,treatment,2,122,122,0,0,1.0,100.0,0.0,27888.05,38812.7,1342.5,23153.21,25377.0,0.0,none,24.95,N/A,0.1837,122,A3-2
A3,treatment,3,112,109,0,3,0.9732,97.32,2.68,51034.95,60000.89,2289.5,25233.42,25090.5,0.2337,p95_latency>30000ms(actual=51034.95ms),50.95,N/A,0.1691,112,A3-3
A3,treatment,4,139,109,26,4,0.9712,97.12,2.88,55498.5,60000.62,15852.0,20029.68,24891.0,0.2833,p95_latency>30000ms(actual=55498.5ms),87.53,N/A,0.2098,139,A3-4
A3,treatment,5,162,101,56,5,0.9691,96.91,3.09,49362.25,60001.0,24506.0,17045.96,20037.5,0.2151,p95_latency>30000ms(actual=49362.25ms),55.86,N/A,0.2448,162,A3-5
A3,treatment,6,158,101,51,6,0.962,96.2,3.8,51931.65,60000.43,24328.75,17452.59,19903.5,0.2437,p95_latency>30000ms(actual=51931.65ms),54.85,N/A,0.2387,158,A3-6
A3,treatment,7,125,125,0,0,1.0,100.0,0.0,25884.8,36951.84,1282.0,22522.91,24988.0,0.0,none,33.33,N/A,0.187,125,A3-7
A3,treatment,8,121,121,0,0,1.0,100.0,0.0,28079.0,43347.0,5125.0,23051.24,25102.0,0.0,none,44.65,N/A,0.1832,121,A3-8
A3,treatment,9,191,93,90,8,0.9581,95.81,4.19,58879.0,60000.0,24457.0,14352.88,9374.0,0.3209,p95_latency>30000ms(actual=58879.0ms),55.34,N/A,0.2871,191,A3-9
B1,static_resilience,1,126,92,0,34,0.7302,73.02,26.98,25477.25,36589.75,668.0,22251.57,24893.5,0.0,none,21.92,69.19,0.1904,126,B1-1
B1,static_resilience,10,126,86,0,40,0.6825,68.25,31.75,25589.5,25691.25,5134.25,22091.63,25089.0,0.0,none,23.12,103.68,0.1892,126,B1-10
B1,static_resilience,2,126,92,0,34,0.7302,73.02,26.98,25580.0,25592.25,660.0,22046.26,24992.5,0.0,none,22.97,71.96,0.1895,126,B1-2
B1,static_resilience,3,126,86,0,40,0.6825,68.25,31.75,25462.75,25499.0,753.0,21988.21,24988.0,0.0,none,21.94,101.93,0.19,126,B1-3
B1,static_resilience,4,126,92,0,34,0.7302,73.02,26.98,25395.0,25481.0,486.0,22029.97,24999.0,0.0,none,22.53,71.75,0.1896,126,B1-4
B1,static_resilience,5,125,91,0,34,0.728,72.8,27.2,25592.2,25830.32,4990.0,22188.63,25092.0,0.0,none,23.99,73.77,0.1889,125,B1-5
B1,static_resilience,6,126,86,0,40,0.6825,68.25,31.75,25578.75,25656.0,598.5,22331.9,25082.5,0.0,none,23.96,104.5,0.1895,126,B1-6
B1,static_resilience,7,125,91,0,34,0.728,72.8,27.2,25558.2,25655.96,763.0,22266.02,25190.0,0.0,none,23.92,73.88,0.1888,125,B1-7
B1,static_resilience,8,125,91,0,34,0.728,72.8,27.2,25465.8,25584.6,487.0,22214.72,25089.0,0.0,none,24.33,73.51,0.1892,125,B1-8
B1,static_resilience,9,125,91,0,34,0.728,72.8,27.2,25500.6,25885.52,682.0,22209.24,25002.0,0.0,none,24.06,73.54,0.1893,125,B1-9
B1,treatment,1,125,91,34,0,1.0,100.0,0.0,25567.0,25693.16,506.0,22267.01,25101.0,0.0,none,23.98,74.27,0.1892,125,B1-1
B1,treatment,10,126,92,34,0,1.0,100.0,0.0,25389.75,25499.0,729.75,22016.52,25040.5,0.0,none,21.68,70.97,0.1898,126,B1-10
B1,treatment,2,125,91,34,0,1.0,100.0,0.0,25490.2,25586.52,799.0,22222.29,25095.0,0.0,none,24.29,73.98,0.1892,125,B1-2
B1,treatment,3,125,85,40,0,1.0,100.0,0.0,25488.8,25587.52,510.0,22243.94,25190.0,0.0,none,24.19,104.97,0.189,125,B1-3
B1,treatment,4,126,92,34,0,1.0,100.0,0.0,25463.5,25654.75,4906.0,22090.14,25079.0,0.0,none,23.48,72.66,0.1892,126,B1-4
B1,treatment,5,126,92,34,0,1.0,100.0,0.0,25501.75,25683.25,3946.0,22054.48,25088.0,0.0,none,23.2,72.72,0.1892,126,B1-5
B1,treatment,6,126,92,34,0,1.0,100.0,0.0,25565.75,25684.5,4120.75,22055.5,25090.0,0.0,none,23.29,72.76,0.1892,126,B1-6
B1,treatment,7,125,91,34,0,1.0,100.0,0.0,25486.0,25492.76,496.0,22206.68,25170.0,0.0,none,23.67,73.81,0.1893,125,B1-7
B1,treatment,8,125,91,34,0,1.0,100.0,0.0,25462.8,25498.04,686.0,22200.35,25096.0,0.0,none,24.2,73.08,0.1894,125,B1-8
B1,treatment,9,126,86,40,0,1.0,100.0,0.0,25489.0,25587.5,490.0,22217.1,25083.5,0.0,none,22.82,103.14,0.1895,126,B1-9
B2,static_resilience,1,693,86,0,607,0.1241,12.41,87.59,24787.8,24995.48,77.0,3190.96,869.0,0.3759,error_rate>50.0%(actual=87.59%),268.43,88.27,1.0441,693,B2-1
B2,static_resilience,10,693,86,0,607,0.1241,12.41,87.59,24779.2,25015.44,82.0,3189.02,871.0,0.3759,error_rate>50.0%(actual=87.59%),267.31,88.94,1.0475,693,B2-10
B2,static_resilience,2,767,80,0,687,0.1043,10.43,89.57,24534.9,24924.94,78.0,2797.85,872.0,0.3957,error_rate>50.0%(actual=89.57%),297.1,119.46,1.1593,767,B2-2
B2,static_resilience,3,766,80,0,686,0.1044,10.44,89.56,24686.0,25188.0,76.0,2847.54,872.0,0.3956,error_rate>50.0%(actual=89.56%),290.11,114.57,1.1546,766,B2-3
B2,static_resilience,4,690,86,0,604,0.1246,12.46,87.54,24696.2,25076.77,75.75,3248.39,872.0,0.3754,error_rate>50.0%(actual=87.54%),262.73,84.5,1.042,690,B2-4
B2,static_resilience,5,692,86,0,606,0.1243,12.43,87.57,24783.15,25087.45,76.0,3213.42,870.5,0.3757,error_rate>50.0%(actual=87.57%),259.63,84.2,1.0407,692,B2-5
B2,static_resilience,6,691,85,0,606,0.123,12.3,87.7,24989.0,25392.3,80.0,3205.03,874.0,0.377,error_rate>50.0%(actual=87.7%),267.21,88.84,1.0421,691,B2-6
B2,static_resilience,7,688,86,0,602,0.125,12.5,87.5,24780.3,24910.36,83.25,3230.7,877.0,0.375,error_rate>50.0%(actual=87.5%),267.76,89.56,1.0388,688,B2-7
B2,static_resilience,8,689,86,0,603,0.1248,12.48,87.52,24792.2,25216.36,84.0,3268.42,876.0,0.3752,error_rate>50.0%(actual=87.52%),264.65,88.93,1.0377,689,B2-8
B2,static_resilience,9,767,80,0,687,0.1043,10.43,89.57,24584.7,24985.04,75.5,2788.11,870.0,0.3957,error_rate>50.0%(actual=89.57%),293.63,114.48,1.1581,767,B2-9
B2,treatment,1,694,86,608,0,1.0,100.0,0.0,24681.45,24893.14,80.75,3204.7,866.0,0.0,none,8.28,88.95,1.0477,694,B2-1
B2,treatment,10,694,87,607,0,1.0,100.0,0.0,24782.05,25000.84,81.75,3235.4,864.0,0.0,none,9.82,84.01,1.0391,694,B2-10
B2,treatment,2,695,87,608,0,1.0,100.0,0.0,24590.0,24985.48,81.0,3234.42,870.0,0.0,none,8.96,89.0,1.043,695,B2-2
B2,treatment,3,692,86,606,0,1.0,100.0,0.0,24686.9,24894.45,80.0,3199.54,873.0,0.0,none,7.33,89.79,1.0452,692,B2-3
B2,treatment,4,692,86,606,0,1.0,100.0,0.0,24880.9,25083.27,80.5,3251.48,873.0,0.0,none,5.16,88.95,1.0415,692,B2-4
B2,treatment,5,694,86,608,0,1.0,100.0,0.0,24724.85,25183.63,78.75,3188.65,869.0,0.0,none,6.03,83.91,1.0415,694,B2-5
B2,treatment,6,691,86,605,0,1.0,100.0,0.0,24692.0,25187.6,79.0,3222.72,872.0,0.0,none,7.3,83.9,1.0445,691,B2-6
B2,treatment,7,767,81,686,0,1.0,100.0,0.0,24705.1,25078.34,78.0,2859.46,868.0,0.0,none,10.0,119.51,1.1478,767,B2-7
B2,treatment,8,688,86,602,0,1.0,100.0,0.0,24989.65,25285.39,84.0,3244.17,875.0,0.0,none,5.8,83.39,1.0328,688,B2-8
B2,treatment,9,689,86,603,0,1.0,100.0,0.0,24785.4,25210.28,82.0,3224.7,877.0,0.0,none,6.09,83.55,1.0358,689,B2-9
B3,static_resilience,1,126,81,0,45,0.6429,64.29,35.71,25691.0,25788.75,4469.0,21956.13,24880.0,0.0,none,24.58,128.43,0.1905,126,B3-1
B3,static_resilience,10,126,87,0,39,0.6905,69.05,30.95,25587.75,25688.75,3716.25,22021.36,24978.0,0.0,none,25.14,97.71,0.1895,126,B3-10
B3,static_resilience,2,126,92,0,34,0.7302,73.02,26.98,25497.25,25589.5,1447.0,21978.16,24900.5,0.0,none,24.69,73.32,0.19,126,B3-2
B3,static_resilience,3,125,91,0,34,0.728,72.8,27.2,25883.4,26066.48,4060.0,22219.5,24996.0,0.0,none,22.18,71.24,0.1881,125,B3-3
B3,static_resilience,4,126,92,0,34,0.7302,73.02,26.98,25460.5,25535.0,566.0,22269.15,24984.5,0.0,none,23.45,71.41,0.1899,126,B3-4
B3,static_resilience,5,126,92,0,34,0.7302,73.02,26.98,25562.0,25753.0,3835.75,22035.94,25037.0,0.0,none,23.84,72.5,0.1893,126,B3-5
B3,static_resilience,6,126,91,0,35,0.7222,72.22,27.78,25489.75,37009.75,2047.75,22269.18,24983.5,0.0,none,25.49,75.62,0.1899,126,B3-6
B3,static_resilience,7,126,92,0,34,0.7302,73.02,26.98,25490.25,25580.0,587.5,22257.9,24905.5,0.0,none,23.58,69.67,0.19,126,B3-7
B3,static_resilience,8,127,93,0,34,0.7323,73.23,26.77,25087.7,25173.0,743.5,22106.87,24787.0,0.0,none,23.01,68.83,0.1922,127,B3-8
B3,static_resilience,9,126,92,0,34,0.7302,73.02,26.98,25258.0,25290.0,503.0,22134.29,24840.0,0.0,none,22.71,67.82,0.1904,126,B3-9
B3,treatment,1,126,86,40,0,1.0,100.0,0.0,25378.75,25403.0,708.0,22165.49,24790.5,0.0,none,24.09,99.76,0.1907,126,B3-1
B3,treatment,10,128,93,35,0,1.0,100.0,0.0,24980.3,25081.19,839.0,21897.58,24690.0,0.0,none,23.34,72.98,0.1926,128,B3-10
B3,treatment,2,127,87,40,0,1.0,100.0,0.0,25278.4,25294.0,504.5,22203.3,24794.0,0.0,none,21.96,98.72,0.1912,127,B3-2
B3,treatment,3,128,93,35,0,1.0,100.0,0.0,25272.3,35954.11,3249.75,21985.4,24777.5,0.0,none,21.49,72.51,0.1923,128,B3-3
B3,treatment,4,127,87,40,0,1.0,100.0,0.0,25199.7,25453.0,456.0,22095.2,24705.0,0.0,none,23.35,99.88,0.1924,127,B3-4
B3,treatment,5,128,88,40,0,1.0,100.0,0.0,25297.65,32186.49,1282.75,21977.23,24694.0,0.0,none,24.19,100.72,0.1922,128,B3-5
B3,treatment,6,127,93,34,0,1.0,100.0,0.0,25292.4,25392.22,555.5,22096.35,24687.0,0.0,none,23.66,69.9,0.1924,127,B3-6
B3,treatment,7,128,87,41,0,1.0,100.0,0.0,25050.75,25182.19,1009.5,21927.31,24742.0,0.0,none,23.58,104.12,0.1923,128,B3-7
B3,treatment,8,128,81,47,0,1.0,100.0,0.0,24957.9,25262.81,1089.0,21830.98,24683.0,0.0,none,21.97,132.92,0.1931,128,B3-8
B3,treatment,9,128,94,34,0,1.0,100.0,0.0,25197.9,25381.46,635.5,21773.42,24597.5,0.0,none,21.84,67.33,0.1926,128,B3-9
C1,static_resilience,1,285,165,0,120,0.5789,57.89,42.11,41420.8,57480.0,23914.0,15562.2,16082.0,0.1903,p95_latency>30000ms(actual=41420.8ms),42.85,82.45,0.2794,285,C1-1
C1,static_resilience,10,312,168,0,144,0.5385,53.85,46.15,39489.45,59604.0,23997.0,14181.6,12753.5,0.1582,p95_latency>30000ms(actual=39489.45ms),35.15,84.91,0.3036,312,C1-10
C1,static_resilience,2,295,169,0,126,0.5729,57.29,42.71,39176.3,57642.48,24105.0,14933.67,18349.0,0.1529,p95_latency>30000ms(actual=39176.3ms),39.14,85.5,0.2886,295,C1-2
C1,static_resilience,3,290,173,0,117,0.5966,59.66,40.34,39737.5,56002.57,23715.25,15222.75,19341.0,0.1623,p95_latency>30000ms(actual=39737.5ms),32.66,80.11,0.2841,290,C1-3
C1,static_resilience,4,306,166,0,140,0.5425,54.25,45.75,39640.0,60000.0,23909.25,14499.9,14293.0,0.1607,p95_latency>30000ms(actual=39640.0ms),33.54,84.15,0.298,306,C1-4
C1,static_resilience,5,291,163,0,128,0.5601,56.01,43.99,40895.5,57935.4,24259.0,15118.98,14679.0,0.1816,p95_latency>30000ms(actual=40895.5ms),34.53,83.45,0.2846,291,C1-5
C1,static_resilience,6,311,165,0,146,0.5305,53.05,46.95,40439.5,59868.7,24262.0,14125.8,9592.0,0.174,p95_latency>30000ms(actual=40439.5ms),39.75,87.08,0.3034,311,C1-6
C1,static_resilience,7,289,167,0,122,0.5779,57.79,42.21,40339.0,60000.0,24004.0,15293.48,14948.0,0.1723,p95_latency>30000ms(actual=40339.0ms),35.55,80.3,0.2819,289,C1-7
C1,static_resilience,8,290,169,0,121,0.5828,58.28,41.72,41919.95,53532.03,24212.5,15215.57,14691.5,0.1987,p95_latency>30000ms(actual=41919.95ms),39.14,84.48,0.2836,290,C1-8
C1,static_resilience,9,294,175,0,119,0.5952,59.52,40.48,38053.95,41598.0,24207.5,15056.11,19594.5,0.1342,p95_latency>30000ms(actual=38053.95ms),37.55,83.42,0.2873,294,C1-9
C1,treatment,1,347,154,188,5,0.9856,98.56,1.44,40352.4,60000.0,24410.0,12537.53,1004.0,0.115,p95_latency>30000ms(actual=40352.4ms),37.14,87.2,0.3399,347,C1-1
C1,treatment,10,295,175,120,0,1.0,100.0,0.0,39873.0,43755.32,24261.0,14978.14,14995.0,0.1097,p95_latency>30000ms(actual=39873.0ms),33.84,84.72,0.2876,295,C1-10
C1,treatment,2,293,165,127,1,0.9966,99.66,0.34,40431.4,57608.92,24311.0,15141.54,14790.0,0.1159,p95_latency>30000ms(actual=40431.4ms),39.64,85.93,0.2872,293,C1-2
C1,treatment,3,368,151,209,8,0.9783,97.83,2.17,39450.9,60000.0,24520.5,11781.51,903.0,0.105,p95_latency>30000ms(actual=39450.9ms),36.45,80.1,0.3595,368,C1-3
C1,treatment,4,294,174,119,1,0.9966,99.66,0.34,34660.4,41581.21,24201.75,15036.59,18476.5,0.0518,p95_latency>30000ms(actual=34660.4ms),40.25,84.7,0.2873,294,C1-4
C1,treatment,5,368,149,211,8,0.9783,97.83,2.17,41318.6,60000.0,24482.75,11801.24,905.0,0.1258,p95_latency>30000ms(actual=41318.6ms),38.45,81.47,0.359,368,C1-5
C1,treatment,6,351,152,191,8,0.9772,97.72,2.28,40652.5,60000.0,24601.5,12463.81,931.0,0.1184,p95_latency>30000ms(actual=40652.5ms),33.35,77.96,0.3423,351,C1-6
C1,treatment,7,336,154,175,7,0.9792,97.92,2.08,40581.25,60000.0,24467.75,12986.42,1002.5,0.1176,p95_latency>30000ms(actual=40581.25ms),35.45,78.37,0.3287,336,C1-7
C1,treatment,8,294,174,119,1,0.9966,99.66,0.34,39804.8,42185.84,24309.5,15104.08,19368.5,0.1089,p95_latency>30000ms(actual=39804.8ms),33.94,78.69,0.2866,294,C1-8
C1,treatment,9,299,167,130,2,0.9933,99.33,0.67,40197.4,57956.7,24012.0,14781.71,14289.0,0.1133,p95_latency>30000ms(actual=40197.4ms),33.45,77.86,0.2923,299,C1-9
C2,static_resilience,1,1649,125,0,1524,0.0758,7.58,92.42,24800.4,25484.12,46.0,1853.23,87.0,0.4242,error_rate>50.0%(actual=92.42%),22.45,85.64,1.6072,1649,C2-1
C2,static_resilience,10,1715,125,0,1590,0.0729,7.29,92.71,24616.4,25088.86,60.5,1724.57,87.0,0.4271,error_rate>50.0%(actual=92.71%),21.42,92.27,1.6811,1715,C2-10
C2,static_resilience,2,1577,132,0,1445,0.0837,8.37,91.63,24719.4,25295.2,38.0,2017.35,87.0,0.4163,error_rate>50.0%(actual=91.63%),24.4,60.38,1.5319,1577,C2-2
C2,static_resilience,3,1861,115,0,1746,0.0618,6.18,93.82,19560.0,25089.8,25.0,1530.12,88.0,0.4382,error_rate>50.0%(actual=93.82%),25.42,150.12,1.8196,1861,C2-3
C2,static_resilience,4,1651,126,0,1525,0.0763,7.63,92.37,24789.0,25290.5,20.0,1869.08,88.0,0.4237,error_rate>50.0%(actual=92.37%),22.23,85.02,1.6072,1651,C2-4
C2,static_resilience,5,1579,121,0,1458,0.0766,7.66,92.34,24894.5,25182.0,56.0,1994.41,87.0,0.4234,error_rate>50.0%(actual=92.34%),21.2,105.88,1.5461,1579,C2-5
C2,static_resilience,6,1582,122,0,1460,0.0771,7.71,92.29,24889.0,25191.0,67.0,1997.65,87.0,0.4229,error_rate>50.0%(actual=92.29%),22.19,101.52,1.5468,1582,C2-6
C2,static_resilience,7,1586,129,0,1457,0.0813,8.13,91.87,24783.75,25197.2,73.0,1971.99,86.0,0.4187,error_rate>50.0%(actual=91.87%),25.81,74.82,1.5468,1586,C2-7
C2,static_resilience,8,1663,127,0,1536,0.0764,7.64,92.36,24690.0,25180.52,54.0,1850.51,87.0,0.4236,error_rate>50.0%(actual=92.36%),25.42,89.66,1.6261,1663,C2-8
C2,static_resilience,9,1713,116,0,1597,0.0677,6.77,93.23,24690.8,25098.16,70.0,1750.92,86.0,0.4323,error_rate>50.0%(actual=93.23%),25.04,136.1,1.6755,1713,C2-9
C2,treatment,1,1591,122,1469,0,1.0,100.0,0.0,24946.0,25185.0,19.0,1975.88,87.0,0.0,none,22.35,106.46,1.5484,1591,C2-1
C2,treatment,10,1717,125,1592,0,1.0,100.0,0.0,24891.0,25379.0,18.0,1747.55,87.0,0.0,none,22.23,89.89,1.6773,1717,C2-10
C2,treatment,2,1718,126,1592,0,1.0,100.0,0.0,24779.45,25185.83,21.0,1742.18,87.0,0.0,none,21.83,84.25,1.6741,1718,C2-2
C2,treatment,3,1589,121,1468,0,1.0,100.0,0.0,24887.2,25178.0,20.0,1946.99,87.0,0.0,none,22.5,105.99,1.554,1589,C2-3
C2,treatment,4,1590,121,1469,0,1.0,100.0,0.0,24990.55,25222.6,23.0,1972.41,87.0,0.0,none,22.32,106.12,1.553,1590,C2-4
C2,treatment,5,1592,122,1470,0,1.0,100.0,0.0,24834.5,25299.27,19.0,1967.42,87.0,0.0,none,24.32,101.6,1.5527,1592,C2-5
C2,treatment,6,1942,108,1834,0,1.0,100.0,0.0,14361.55,25180.59,20.0,1429.13,88.0,0.0,none,21.78,180.87,1.8987,1942,C2-6
C2,treatment,7,1943,109,1834,0,1.0,100.0,0.0,14375.2,25089.96,17.0,1422.67,88.0,0.0,none,24.07,181.47,1.8935,1943,C2-7
C2,treatment,8,1718,126,1592,0,1.0,100.0,0.0,24600.8,25383.98,17.0,1750.96,88.0,0.0,none,24.08,90.11,1.6778,1718,C2-8
C2,treatment,9,1575,131,1444,0,1.0,100.0,0.0,24888.3,25387.26,17.0,1985.33,88.0,0.0,none,25.21,54.21,1.5405,1575,C2-9
SS,static_resilience,1,81,81,0,0,1.0,100.0,0.0,25191.0,25214.8,299.0,22456.83,24978.0,0.7595,p95_latency>10000ms(actual=25191.0ms),N/A,N/A,0.1911,81,SS-1
SS,static_resilience,10,82,82,0,0,1.0,100.0,0.0,25003.65,25081.38,370.25,22280.87,24788.5,0.7502,p95_latency>10000ms(actual=25003.65ms),N/A,N/A,0.1923,82,SS-10
SS,static_resilience,2,80,80,0,0,1.0,100.0,0.0,25187.1,25233.92,212.75,22448.49,24992.0,0.7594,p95_latency>10000ms(actual=25187.1ms),N/A,N/A,0.1901,80,SS-2
SS,static_resilience,3,82,82,0,0,1.0,100.0,0.0,25196.75,28139.28,759.25,22165.12,24979.5,0.7598,p95_latency>10000ms(actual=25196.75ms),N/A,N/A,0.1912,82,SS-3
SS,static_resilience,4,81,81,0,0,1.0,100.0,0.0,25183.0,28285.0,5001.0,21896.75,24890.0,0.7591,p95_latency>10000ms(actual=25183.0ms),N/A,N/A,0.1907,81,SS-4
SS,static_resilience,5,82,82,0,0,1.0,100.0,0.0,25186.9,25235.11,309.0,22392.82,24888.0,0.7593,p95_latency>10000ms(actual=25186.9ms),N/A,N/A,0.1914,82,SS-5
SS,static_resilience,6,82,82,0,0,1.0,100.0,0.0,25085.95,25205.96,284.75,22369.0,24890.5,0.7543,p95_latency>10000ms(actual=25085.95ms),N/A,N/A,0.1916,82,SS-6
SS,static_resilience,7,81,81,0,0,1.0,100.0,0.0,25099.0,25181.8,376.0,22243.96,24889.0,0.755,p95_latency>10000ms(actual=25099.0ms),N/A,N/A,0.1913,81,SS-7
SS,static_resilience,8,82,82,0,0,1.0,100.0,0.0,25100.95,25193.28,362.5,22422.62,24894.0,0.755,p95_latency>10000ms(actual=25100.95ms),N/A,N/A,0.1911,82,SS-8
SS,static_resilience,9,82,82,0,0,1.0,100.0,0.0,25072.3,25079.71,304.5,22307.24,24791.0,0.7536,p95_latency>10000ms(actual=25072.3ms),N/A,N/A,0.192,82,SS-9
SS,treatment,1,82,82,0,0,1.0,100.0,0.0,25096.95,25182.14,314.0,22379.79,24890.5,0.5032,p95_latency>10000ms(actual=25096.95ms),N/A,N/A,0.1915,82,SS-1
SS,treatment,10,81,81,0,0,1.0,100.0,0.0,24989.0,28148.0,250.0,22350.75,24803.0,0.4996,p95_latency>10000ms(actual=24989.0ms),N/A,N/A,0.192,81,SS-10
SS,treatment,2,82,82,0,0,1.0,100.0,0.0,24999.7,25077.0,312.0,22318.4,24797.5,0.5,p95_latency>10000ms(actual=24999.7ms),N/A,N/A,0.1919,82,SS-2
SS,treatment,3,82,82,0,0,1.0,100.0,0.0,24992.8,25075.9,266.75,22306.16,24795.5,0.4998,p95_latency>10000ms(actual=24992.8ms),N/A,N/A,0.192,82,SS-3
SS,treatment,4,82,82,0,0,1.0,100.0,0.0,24989.0,25008.15,364.25,22311.51,24797.5,0.4996,p95_latency>10000ms(actual=24989.0ms),N/A,N/A,0.192,82,SS-4
SS,treatment,5,82,82,0,0,1.0,100.0,0.0,24991.85,25079.66,301.75,22286.6,24788.5,0.4997,p95_latency>10000ms(actual=24991.85ms),N/A,N/A,0.1922,82,SS-5
SS,treatment,6,81,81,0,0,1.0,100.0,0.0,25078.0,28150.6,315.0,22170.78,24883.0,0.5026,p95_latency>10000ms(actual=25078.0ms),N/A,N/A,0.1919,81,SS-6
SS,treatment,7,82,82,0,0,1.0,100.0,0.0,25084.85,25105.39,241.75,22329.3,24800.5,0.5028,p95_latency>10000ms(actual=25084.85ms),N/A,N/A,0.1919,82,SS-7
SS,treatment,8,82,82,0,0,1.0,100.0,0.0,25075.05,25087.57,298.0,22255.7,24700.0,0.5025,p95_latency>10000ms(actual=25075.05ms),N/A,N/A,0.1924,82,SS-8
SS,treatment,9,82,82,0,0,1.0,100.0,0.0,24987.95,24991.19,200.0,22308.66,24804.0,0.4996,p95_latency>10000ms(actual=24987.95ms),N/A,N/A,0.1921,82,SS-9
